Workbook

Sheet Overview
A1: Pneumatic Gripper FEA Design Study
A3: Study Structure
A4: Stage | B4: Parent | C4: Design Change | D4: Evaluation
A5: Baseline | B5: — | C5: Reference model | D5: Production nonlinear FEA
A6: Case A1 | B6: Baseline | C6: Jaw Contact Block face correction (+3°) | D6: Contact / load-transfer validation
A7: Case A2 | B7: Case A1 | C7: Topology-informed Jaw Plate lightweighting | D7: Topology study + CAD redesign
A8: Final Validation | B8: Case A2 | C8: Full gripper with redesigned Jaw Plate | D8: Nonlinear full-assembly validation
A11: Common FEA Setup
A12: Parameter | B12: Value | C12: Unit
A13: Actuator displacement | B13: -28.8 | C13: mm
A14: PLA Young's modulus | B14: 2000 | C14: MPa
A15: Poisson's ratio | B15: 0.35 | C15: —
A16: Cube | B16: Rigid | C16: —
A17: Block–Cube contact | B17: Frictionless | C17: —
A18: Large Deflection | B18: On | C18: —
A19: Baseline production mesh | B19: M2 | C19: —

Sheet Load Study
A1: Gripping Load Study
A3: Evaluation range | B3: -20 to -28.8 mm
A5: Run ID | B5: Rod Retraction (mm) | C5: LF Contact | D5: LR Contact | E5: RF Contact | F5: RR Contact | G5: Reaction Force (N) | H5: Max Eq. Stress (MPa) | I5: Max Principal Stress (MPa) | J5: Max Deformation (mm) | K5: Max Contact Pressure (MPa) | L5: Max Penetration (mm) | M5: Critical Stress Location
A6: GLS-01 | B6: -20 | C6: Sliding | D6: Sliding | E6: Near Open | F6: Near Open | G6: 1.5402e-09 | H6: 0.00035053 | I6: 0.00025821 | J6: 23.427 | K6: 6.3308e-06 | L6: 1.1007e-08 | M6: none
A7: GLS-02 | B7: -20.5 | C7: Sliding | D7: Sliding | E7: Near Open | F7: Near Open | G7: 6.8226e-08 | H7: 0.00035951 | I7: 0.00026587 | J7: 24.026 | K7: 8.9785e-06 | L7: 1.561e-08 | M7: none
A8: GLS-03 | B8: -21 | C8: Sliding | D8: Sliding | E8: Near Open | F8: Near Open | G8: 4.9601e-08 | H8: 0.00036859 | I8: 0.00027361 | J8: 24.625 | K8: 2.9742e-05 | L8: 5.1711e-08 | M8: none
A9: GLS-04 | B9: -21.5 | C9: Sliding | D9: Sliding | E9: Near Open | F9: Near Open | G9: 3.1441e-08 | H9: 0 | I9: 0 | J9: 25.227 | K9: 0 | L9: 0 | M9: none
A10: GLS-05 | B10: -22 | C10: Sliding | D10: Sliding | E10: Near Open | F10: Near Open | G10: 9.8572e-09 | H10: 0 | I10: 0 | J10: 25.83 | K10: 0 | L10: 0 | M10: none
A11: GLS-06 | B11: -22.5 | C11: Sliding | D11: Sliding | E11: Sliding | F11: Sliding | G11: 14.964 | H11: 3.3731 | I11: 4.1646 | J11: 26.415 | K11: 1.3415 | L11: 0.0023387 | M11: Actuation Link – outer edges of the upper fork branches
A12: GLS-07 | B12: -23 | C12: Sliding | D12: Sliding | E12: Sliding | F12: Sliding | G12: 32.537 | H12: 7.2811 | I12: 9.0201 | J12: 26.998 | K12: 2.9027 | L12: 0.0050606 | M12: Actuation Link – outer edges of the upper fork branches
A13: GLS-08 | B13: -23.5 | C13: Sliding | D13: Sliding | E13: Sliding | F13: Sliding | G13: 50.076 | H13: 11.125 | I13: 13.829 | J13: 27.582 | K13: 4.4461 | L13: 0.0077513 | M13: Actuation Link – outer edges of the upper fork branches
A14: GLS-09 | B14: -24 | C14: Sliding | D14: Sliding | E14: Sliding | F14: Sliding | G14: 67.582 | H14: 14.906 | I14: 18.592 | J14: 28.167 | K14: 5.9722 | L14: 0.010412 | M14: Actuation Link – outer edges of the upper fork branches
A15: GLS-10 | B15: -24.5 | C15: Sliding | D15: Sliding | E15: Sliding | F15: Sliding | G15: 85.054 | H15: 18.624 | I15: 23.31 | J15: 28.753 | K15: 7.4813 | L15: 0.013043 | M15: Actuation Link – outer edges of the upper fork branches
A16: GLS-11 | B16: -25 | C16: Sliding | D16: Sliding | E16: Sliding | F16: Sliding | G16: 102.49 | H16: 22.28 | I16: 27.983 | J16: 29.341 | K16: 8.9738 | L16: 0.015645 | M16: Actuation Link – outer edges of the upper fork branches
A17: GLS-12 | B17: -26 | C17: Sliding | D17: Sliding | E17: Sliding | F17: Sliding | G17: 137.25 | H17: 29.406 | I17: 37.196 | J17: 30.52 | K17: 11.911 | L17: 0.020766 | M17: Actuation Link – outer edges of the upper fork branches
... A21: GLS-16 | B21: -28.8 | C21: Sliding | D21: Sliding | E21: Sliding | F21: Sliding | G21: 257.73 | H21: 48.026 | I21: 62.051 | J21: 33.849 | K21: 19.825 | L21: 0.034563 | M21: Actuation Link – outer edges of the upper fork branches

Sheet Mesh Convergence
A1: Baseline Mesh Convergence – -28.8 mm
A3: Mesh ID | B3: Overall Size (mm) | C3: Slots/Joints (mm) | D3: Y-root (mm) | E3: Critical Region (mm) | F3: Nodes | G3: Elements | H3: Reaction Force (N) | I3: Δ Force | J3: Max Eq. Stress (MPa) | K3: Δ Eq. Stress | L3: Max Principal Stress (MPa) | M3: Δ Principal | N3: Max Contact Pressure (MPa) | O3: Use
A4: M0 | B4: 10 | C4: 2.5 | D4: 3 | E4: 2.5 | F4: 115014 | G4: 55882 | H4: 257.22 | J4: 47.865 | L4: 61.712 | N4: 19.812
A5: M1 | B5: 10 | C5: 2 | D5: 2.25 | E5: 2 | F5: 128372 | G5: 62989 | H5: 257.06 | I5: =IFERROR(ABS(H5-H4)/ABS(H5),"") -> 0.00062242278 | J5: 48.659 | K5: =IFERROR(ABS(J5-J4)/ABS(J5),"") -> 0.016317639 | L5: 62.15 | M5: =IFERROR(ABS(L5-L4)/ABS(L5),"") -> 0.0070474658 | N5: 19.826
A6: M2 | B6: 10 | C6: 1.5 | D6: 1.7 | E6: 1.5 | F6: 168478 | G6: 84428 | H6: 256.67 | I6: =IFERROR(ABS(H6-H5)/ABS(H6),"") -> 0.0015194608 | J6: 48.007 | K6: =IFERROR(ABS(J6-J5)/ABS(J6),"") -> 0.013581353 | L6: 57.06 | M6: =IFERROR(ABS(L6-L5)/ABS(L6),"") -> 0.089204346 | N6: 19.779 | O6: Production
A7: M3 | B7: 10 | C7: 1.25 | D7: 1.3 | E7: 1 | F7: 219611 | G7: 113578 | H7: 256.28 | I7: =IFERROR(ABS(H7-H6)/ABS(H7),"") -> 0.0015217731 | J7: 49.724 | K7: =IFERROR(ABS(J7-J6)/ABS(J7),"") -> 0.034530609 | L7: 58.151 | M7: =IFERROR(ABS(L7-L6)/ABS(L7),"") -> 0.0187615 | N7: 19.767

Sheet Baseline
A1: Baseline – Production Reference
A3: Global Results (M2)
A4: Metric | B4: Value | C4: Unit
A5: Actuator Reaction Force | B5: 256.67 | C5: N
A6: Max Equivalent Stress | B6: 48.007 | C6: MPa
A7: Max Principal Stress | B7: 57.06 | C7: MPa
A8: Max Contact Pressure | B8: 19.779 | C8: MPa
A9: Nodes | B9: 168478 | C9: count
A10: Elements | B10: 84428 | C10: count
A13: Component Reference
A14: Component | B14: Mass (g / part) | C14: Max Eq. Stress (MPa)
A15: Jaw Plate | B15: 40.1 | C15: 8.9373
A16: Actuation Link | B16: 41.5 | C16: 36.71
A17: Mounting Frame | B17: 367.5 | C17: 37.115

Sheet Case A1
A1: Case A1 – Contact Face Correction
A3: Design / Solver Data
A4: Parameter | B4: Value | C4: Unit
A5: Parent model | B5: Baseline | C5: —
A6: Baseline face misalignment | B6: 5.3 | C6: deg
A7: CAD wedge correction | B7: 3 | C7: deg
A8: Evaluation displacement | B8: -28.8 | C8: mm
A9: Block–Cube contact | B9: Frictionless | C9: —
A10: Stabilization damping | B10: 0.1 | C10: —
A11: Initial / Min / Max substeps | B11: 100 / 20 / 2000 | C11: —
A12: Max iterations / substep | B12: 50 | C12: —
A13: Converged | B13: Yes | C13: —
A16: Results
A17: Metric | B17: Baseline | C17: Case A1 | D17: Change | E17: Unit
A18: Actuator Reaction Force | B18: 256.67 | C18: 48.561 | D18: =IF(OR(B18="",C18=""),"",(C18-B18)/ABS(B18)) -> -0.81080376 | E18: N
A19: Max Contact Pressure | B19: 19.779 | C19: 1.1391 | D19: =IF(OR(B19="",C19=""),"",(C19-B19)/ABS(B19)) -> -0.94240862 | E19: MPa
A20: Jaw Plate Max Eq. Stress | B20: 8.65 | C20: 7.7262 | D20: =IF(OR(B20="",C20=""),"",(C20-B20)/ABS(B20)) -> -0.10679769 | E20: MPa
A21: Jaw Contact Block Max Eq. Stress | B21: 48.007 | C21: 16.782 | D21: -0.6504 | E21: MPa
A22: Global Max Eq. Stress | B22: 48.007 | C22: 16.782 | D22: =IF(OR(B22="",C22=""),"",(C22-B22)/ABS(B22)) -> -0.65042598 | E22: MPa
A23: Global Max Principal Stress | B23: 57.06 | C23: 27.354 | D23: =IF(OR(B23="",C23=""),"",(C23-B23)/ABS(B23)) -> -0.52060988 | E23: MPa
A24: Total Contact Area | B24: 32.3784 | C24: 122.72 | D24: 2.7902 | E24: mm²
A27: Jaw Plate stress concentration | B27: Localized point hotspot | C27: Reduced point concentration

Sheet Case A2
A1: Case A2 – Topology-Informed Jaw Plate Redesign
A3: Topology Optimization Setup
A4: Parameter | B4: Value | C4: Unit
A5: Parent design | B5: Case A1 | C5: —
A6: Design region | B6: Jaw Plate | C6: —
A7: Objective | B7: Minimize compliance | C7: —
A8: Mass constraint | B8: 70 | C8: % retained
A9: Optimization method | B9: Mixable Density | C9: —
A10: Final CAD method | B10: Topology-informed redesign | C10: —
A12: Jaw Plate Redesign
A13: Metric | B13: Case A1 | C13: Final A2 | D13: Change | E13: Unit
A14: Jaw Plate Mass / part | B14: 40.1 | C14: 31.198 | D14: =IF(OR(B14="",C14=""),"",(B14-C14)/B14) -> 0.22199501 | E14: g
A15: Jaw Plate Max Eq. Stress | B15: ='Case A1'!C20 -> 7.7262 | C15: 8.9109 | D15: =IF(OR(B15="",C15=""),"",(C15-B15)/ABS(B15)) -> 0.1533354 | E15: MPa
A18: Full Assembly Validation
A19: Metric | B19: Case A1 | C19: Final A2 | D19: Change | E19: Unit
A20: Actuator Reaction Force | B20: ='Case A1'!C18 -> 48.561 | C20: 49.848 | D20: =IF(OR(B20="",C20=""),"",(C20-B20)/ABS(B20)) -> 0.026502749 | E20: N
A21: Max Contact Pressure | B21: ='Case A1'!C19 -> 1.1391 | C21: 0.57908 | D21: =IF(OR(B21="",C21=""),"",(C21-B21)/ABS(B21)) -> -0.49163375 | E21: MPa
A22: Total Contact Area | B22: ='Case A1'!C24 -> 122.72 | C22: 287.179 | D22: =IF(OR(B22="",C22=""),"",(C22-B22)/ABS(B22)) -> 1.3401157 | E22: mm²
A23: Global Max Eq. Stress | B23: ='Case A1'!C22 -> 16.782 | C23: 11.485 | D23: =IF(OR(B23="",C23=""),"",(C23-B23)/ABS(B23)) -> -0.3156358 | E23: MPa
A24: Global Max Principal Stress | B24: ='Case A1'!C23 -> 27.354 | C24: 14.537 | D24: =IF(OR(B24="",C24=""),"",(C24-B24)/ABS(B24)) -> -0.46856036 | E24: MPa
A25: Jaw Plate Max Eq. Stress | B25: ='Case A1'!C20 -> 7.7262 | C25: 8.9109 | D25: =IF(OR(B25="",C25=""),"",(C25-B25)/ABS(B25)) -> 0.1533354 | E25: MPa

Sheet Final Validation
A1: Final Validation – A2 Full Gripper
A3: A1 vs Final A2
A4: Metric | B4: Case A1 | C4: Final A2 | D4: Change | E4: Unit
A5: Actuator Reaction Force | B5: ='Case A1'!C18 -> 48.561 | C5: ='Case A2'!C20 -> 49.848 | D5: =IF(OR(B5="",C5=""),"",(C5-B5)/ABS(B5)) -> 0.026502749 | E5: N
A6: Max Contact Pressure | B6: ='Case A1'!C19 -> 1.1391 | C6: ='Case A2'!C21 -> 0.57908 | D6: =IF(OR(B6="",C6=""),"",(C6-B6)/ABS(B6)) -> -0.49163375 | E6: MPa
A7: Total Contact Area | B7: ='Case A1'!C24 -> 122.72 | C7: ='Case A2'!C22 -> 287.179 | D7: =IF(OR(B7="",C7=""),"",(C7-B7)/ABS(B7)) -> 1.3401157 | E7: mm²
A8: Global Max Eq. Stress | B8: ='Case A1'!C22 -> 16.782 | C8: ='Case A2'!C23 -> 11.485 | D8: =IF(OR(B8="",C8=""),"",(C8-B8)/ABS(B8)) -> -0.3156358 | E8: MPa
A9: Global Max Principal Stress | B9: ='Case A1'!C23 -> 27.354 | C9: ='Case A2'!C24 -> 14.537 | D9: =IF(OR(B9="",C9=""),"",(C9-B9)/ABS(B9)) -> -0.46856036 | E9: MPa
A10: Jaw Plate Max Eq. Stress | B10: ='Case A1'!C20 -> 7.7262 | C10: ='Case A2'!C25 -> 8.9109 | D10: =IF(OR(B10="",C10=""),"",(C10-B10)/ABS(B10)) -> 0.1533354 | E10: MPa
A11: Jaw Plate Mass / part | B11: 40.1 | C11: ='Case A2'!C14 -> 31.198 | D11: =IF(OR(B11="",C11=""),"",(B11-C11)/B11) -> 0.22199501 | E11: g

Sheet Comparison
A1: Baseline vs Design Evolution
A3: Metric | B3: Unit | C3: Baseline | D3: Case A1 | E3: Final A2
A4: Actuator Reaction Force | B4: N | C4: 256.67 | D4: ='Case A1'!C18 -> 48.561 | E4: ='Case A2'!C20 -> 49.848
A5: Max Contact Pressure | B5: MPa | C5: 19.779 | D5: ='Case A1'!C19 -> 1.1391 | E5: ='Case A2'!C21 -> 0.57908
A6: Total Contact Area | B6: mm² | C6: 32.3784 | D6: ='Case A1'!C24 -> 122.72 | E6: ='Case A2'!C22 -> 287.179
A7: Global Max Eq. Stress | B7: MPa | C7: 48.007 | D7: ='Case A1'!C22 -> 16.782 | E7: ='Case A2'!C23 -> 11.485
A8: Global Max Principal Stress | B8: MPa | C8: 57.06 | D8: ='Case A1'!C23 -> 27.354 | E8: ='Case A2'!C24 -> 14.537
A9: Jaw Plate Max Eq. Stress | B9: MPa | C9: 8.9373 | D9: ='Case A1'!C20 -> 7.7262 | E9: ='Case A2'!C25 -> 8.9109
A10: Jaw Plate Mass / part | B10: g | C10: 40.1 | D10: 40.1 | E10: ='Case A2'!C14 -> 31.198
